{"Nota 1":20.0,"Promedio":20.0,"Nota 2":20.0,"Nota 3":20.0}
{"Nota 1":15.0,"Promedio":11.666667,"Nota 2":18.0,"Nota 3":2.0}
{"Nota 1":20.0,"Promedio":18.333334,"Nota 2":20.0,"Nota 3":15.0}
{"Nota 1":10.0,"Promedio":10.666667,"Nota 2":10.0,"Nota 3":12.0}
{"Nota 1":20.0,"Promedio":19.666666,"Nota 2":20.0,"Nota 3":19.0}
{"Nota 1":15.0,"Promedio":12.333333,"Nota 2":12.0,"Nota 3":10.0}
{"Nota 1":20.0,"Promedio":17.0,"Nota 2":15.0,"Nota 3":16.0}
